ID;tiposello;nombre;provincia;resolucion;zona;lat;long
1;DO;Chivito Criollo del Norte Neuquino;Neuquén;Resolución N° 950/2010;La zona correspondiente a la DO Chivito Criollo del Norte Neuquino se ubica al Norte de la provincia de Neuquén (Patagonia, Argentina) y comprende la totalidad de los departamentos Minas y Chos Malal y parte de los departamentos Pehuenches, Ñorquín, Añelo y Loncopue en un área de aproximadamente 25.000 km²;-37.377675673079;-70.27062341304305
2;DO;Salame de Tandil;Buenos Aires;Resolución N° 986/2011;Sistema serrano de Tandilia;-37.318872924949645;-58.959747172797314
3;IG;Salame típico de Colonia Caroya;Córdoba;Resolución N° 37/2014;Comprende el área delimitada por la zona sistematizada de riego en la cual se instalaron inicialmente las culturas friulana y véneta: Colonia Caroya (ubicada a 50 Km al norte de la ciudad de Córdoba) y Colonia Vicente Agüero (al NE de Colonia Caroya).;-31.013104126698543;-64.07057771540556
4;IG;Cordero Patagónico;Buenos Aires;Res. N° 326/2014;La zona geográfica definida para la IG Cordero Patagónico corresponde al territorio comprendido al sur del Río Colorado, constituida por las provincias de Neuquén, Río Negro, Chubut, Santa Cruz y Tierra del Fuego e Islas del Atlántico Sur y el Partido de Carmen de Patagones de la Provincia de Buenos Aires.;-51.622583306405616;-69.2133867849778
5;IG;Cordero Patagónico;Tiera del Fuego;Res. N° 326/2014;;-54.8078245726577;-68.30383556929308
6;IG;Cordero Patagónico;Santa Cruz;Res. N° 326/2014;;-40.844050383267565;-68.08771196241997
7;IG;Cordero Patagónico;Neuquen;Res. N° 326/2014;;-39.236552184848456;-70.91912988067182
8;IG;Cordero Patagónico;Chubut;Res. N° 326/2014;;-45.68893694314819;-70.25370988930362
9;IG;Melón de Media Agua;San Juan;Resolución N° 549/2014;La región definida por los productores es el Departamento Sarmiento, ubicado al sur de la provincia de San Juan, al este de las sierras de Pedernal y Chica de Zonda.;-31.982703337473044;-68.42874133664469
10;IG;Yerba Mate Argentina;Misiones - Norte de Corrientes;"Resolucion N° 13/2016
";Provincia de Misiones completa y norte de Corrientes, departamentos de Ituzaingó y Santo Tomé.;-27.36124378873346;-55.898939165296625
11;IG;"Alcauciles Platenses
";Buenos Aires;Resolución N° 31/2016;La zona delimitada para la producción del alcaucil platense está dentro del cinturón hortícola platense.;-34.92021973896961;-57.9499095638351
12;DO;Dulce de Membrillo Rubio;San Juan;Resolución 14/2018;Valle del Tulum;-31.658447489609937;-68.41264173925575
13;DO;Espárragos de Médano de Oro;San Juan;Resolución N° 107/2021;"El área definida como límite de uso del sello de valorización (DO) se identifica con el Médano de Oro (Villa cabecera Bolaños), Colonia Rodas, Colonia Fiscal y Colonia Pan Azúcar.

El área se localiza en el departamento de Rawson, a unos 10 km del aglomerado urbano de San Juan.";-31.605261742264208;-68.44717802205298
14;IG;Aceite de Oliva Virgen Extra de Mendoza;Mendoza;Resolución N° 31/2022;El área definida para el uso de la IG se encuentra comprendida en la Provincia de Mendoza, en los departamentos de Lavalle, Las Heras, Luján de Cuyo, Maipú, Guaymallén, San Martín, Junín, Rivadavia, Santa Rosa y La Paz, San Rafael y General Alvear.;-32.889532063318065;-68.8437564356308
15;IG;Kiwi Mar y Sierras del Sudeste de Buenos Aires;Buenos Aires;Resolución N° 33/2022;Delimitación del territorio de la IG corresponde al Sudeste de la provincia de Buenos Aires. Son nueve Partidos de la costa Atlántica y zona serrana: Balcarce, Gral. Alvarado, Gral. Madariaga, Gral. Pueyrredón, Lobería, Mar Chiquita, Necochea, San Cayetano, Tres Arroyos;-38.00825480074148;-57.54424176617204
16;IG;Miel de Azahar de Limón de Tucumán+D18:G18;Tucumán;Resolución N° 223/2023;Desde Burruyacú en el extremo norte hasta La Cocha en el sur, teniendo predominancia la región agroecológica del Pedemonte y, en menor medida, la llanura Chacopampeana. ;-27.053801241302388;-65.40379782856782
17;IG;Miel del Monte Nativo Cordobés;Córdoba;Resolución N° 18/2024;Departamentos Cruz del Eje, Ischilín, Minas, Pocho, Río Seco, San Alberto, San Javier, Sobremonte y Tulumba.;-30.7829842318447;-64.63685672416031
18;IG;Té Argentino;Misiones - Norte de Corrientes;Resolución N° 126/2024;La provincia de Misiones y Norte de Corrientes;-27.487178400203007;-55.12047808128885
19;IG;Miel de Flores de Atamisqui - Santiago del Estero;Santiago del Estero;Resolución N° 127/2024;Provincia de Santiago del estero. Abarca 13 departamentos: Figueroa, Banda, Robles, Capital, Sarmiento, San Martín, Avellaneda, Atamisqui, Loreto, Silípica, Salavina, Quebrachos, Ojo de Agua.;-28.49337071822669;-63.814795853225235
20;IG;Orégano de San Carlos;Mendoza;Resolución N° 28/2025;Departamento de San Carlos con sus 5 distritos: La Consulta, Eugenio Bustos, Villa de San Carlos, Chilecito, Pareditas. ;-33.944453970764556;-69.07789213973605
21;DO;Cereza del Valle de Los Antiguos-Patagonia-Santa Cruz;Santa Cruz;Resolución N°  49/2025;Costa sur del Lago Buenos Aires, que incluye al valle de Los Antiguos y zonas aledañas muy cercanas. Se encuentra ubicada a los 205 m.s.n.m., en el noroeste de la provincia de Santa Cruz y al este del río Jeinimeni, límite natural con la República de Chile (Según hoja 13 del FR);-46.55068563920512;-71.6160284014378
22;DO;Pimentón del Valle Calchaquí-Salta;Salta;Resolución N°   52/2025;"Abarca parte de los municipios de  La Poma, Payogasta, Cachi, Seclantás, Molinos, Angastaco, San Carlos, Animaná y Cafayate, esta delimitación obedece a que es en esa área definida donde se dan las condiciones agroecológicas aptas para el cultivo (temperatura y período libre de heladas principalmente); esto se observa en los límites Norte, Oeste y Este; en la zona Sur el límite está dado por la fuente de agua de riego, por la menor altitud a nivel del mar y la menor amplitud térmica; en este caso, si bien se produce pimentón, las características del producto son diferentes. En la zona Norte, el límite se extiende hasta el Paraje El Rodeo en el municipio de La Poma, a partir de allí, hacia el Norte, las temperaturas descienden y el período libre de heladas es muy corto por lo que  la planta no puede cumplir adecuadamente todo su ciclo productivo. Tanto hacia el Oeste como al Este, los límites están dados también por las temperaturas inferiores y por la existencia de heladas tempranas y tardías. La zona delimitada limita hacia el Este con el Parque Nacional Los Cardones y hacia el Oeste limita con las altas cumbres, en ambos casos las condiciones ambientales no permiten el desarrollo del cultivo de pimiento para pimentón.";-25.36931676110206;-66.07853907716361
23;IG ;Aceite de Oliva Virgen Extra de San Juan;San Juan;Resolución N°  77/2025;La zona delimitada para la Indicación Geográfica es la división política de la provincia de San Juan, cabe mencionar que el Valle del Tulum es el principal oasis productivo de dicha provincia, ya que posee todas las propiedades exclusivas para el cultivo del olivo, y donde se encuentran las áreas más importantes desde el punto de vista productivo, como por ejemplo los departamentos de Sarmiento, 25 de Mayo, Pocito, Rawson, Ullum, Caucete, 9 de Julio, San Martín y Zonda.;-31.658447489609937;-68.41264173925575
24;IG ;Queso de Tafí del Valle;Tucumán;Resolución N° 31/2026;Localidad de Tafí del Valle y Comuna El Mollar en la provincia de Tucumán.;-26.85154711707079;-65.70785065270174
